-- phpMyAdmin SQL Dump
-- version 4.6.4deb1
-- https://www.phpmyadmin.net/
--
-- Хост: localhost
-- Время создания: Ноя 17 2017 г., 21:11
-- Версия сервера: 5.7.18-0ubuntu0.16.10.1
-- Версия PHP: 7.0.18-0ubuntu0.16.10.1

SET SQL_MODE = "NO_AUTO_VALUE_ON_ZERO";
SET time_zone = "+00:00";


/*!40101 SET @OLD_CHARACTER_SET_CLIENT=@@CHARACTER_SET_CLIENT */;
/*!40101 SET @OLD_CHARACTER_SET_RESULTS=@@CHARACTER_SET_RESULTS */;
/*!40101 SET @OLD_COLLATION_CONNECTION=@@COLLATION_CONNECTION */;
/*!40101 SET NAMES utf8mb4 */;

--
-- База данных: `mcshop`
--

-- --------------------------------------------------------

--
-- Структура таблицы `md_accounts`
--

CREATE TABLE `md_accounts` (
  `UUID` text CHARACTER SET ascii COLLATE ascii_bin NOT NULL,
  `money` int(11) NOT NULL DEFAULT '0',
  `id` int(11) NOT NULL,
  `freezShopCreate` tinyint(1) NOT NULL DEFAULT '0',
  `freezShopCreateFreezer` text CHARACTER SET utf8mb4 COLLATE utf8mb4_unicode_ci,
  `freezShopCreateReason` text CHARACTER SET utf8mb4 COLLATE utf8mb4_unicode_ci,
  `shopsCount` int(11) NOT NULL DEFAULT '0',
  `coins` int(11) NOT NULL DEFAULT '0',
  `name` text CHARACTER SET utf8mb4 COLLATE utf8mb4_unicode_ci NOT NULL
) ENGINE=InnoDB DEFAULT CHARSET=utf8;

-- --------------------------------------------------------

--
-- Структура таблицы `md_entities`
--

CREATE TABLE `md_entities` (
  `name` text CHARACTER SET utf8mb4 COLLATE utf8mb4_unicode_ci NOT NULL,
  `data` blob NOT NULL,
  `cost` int(11) NOT NULL,
  `lim` int(11) NOT NULL,
  `id` int(11) NOT NULL,
  `rating` int(11) NOT NULL DEFAULT '0'
) ENGINE=InnoDB DEFAULT CHARSET=utf8;

--
-- Дамп данных таблицы `md_entities`
--

INSERT INTO `md_entities` (`name`, `data`, `cost`, `lim`, `id`, `rating`) VALUES
('??????', 0x02e61f8b08000000000000005d533d6f1341147ce7aff8421ce5034441811014299045138926c25f3176e42496e38496f579632fbedbbdecee39892800893f8004224a89440a90a890284002d10441e8a041a2a0a1053abaf0f6ec4b80952c6b7767df9b3733370a60819defd09a707ab48d9b44937814ff3315a21ad497a21d387861c3685e6bc95a81a66a14009229481488a2b985db60561a124be6e56487722a9993f5c85685125777618884e18a906722648f63f316717a0daa98d2843b347a73e5e0e0e0cd5f6f4e1d55177dea51ae577c8aec222e97feed301da1d785eb8acd06e19de3cadfd7c31561a7ba422a9abd1178fe8a96947790b8056355de0f5c2c425a2e85388cd785d4c42d0ae1b6c52637cd9230916f29217dcd04cf7b22e0da1ca3920589d492305626ae5b1a0e36f775f6471c52555ec30106b8f179a219ef54c836429c1ec4c02e51a2bb4d86b42001996b42baedd5d56a6951283db370feec9e5d7e62c38992147eb16baaaaa42132f7ece4cdff7f164cd7a934b252c435e846c00cab384caef8ac23745633a7a76aac8f8797bfed2621694c2b179a80983806c370b421b528cc782930c7c3f57affc1cefcdddd5fd1de82911a25aa8b9512601bbe66ab1f39f54f130f5f7d8c416a9887d934d88e4b94f2714a98e154673dc6a923c9bacea2a74c6f677dbc4652d9f9705b31dec461aa10f47a4c6703bf4d34add13e75b16f2c864499b42e5a905ee657253a6006b44ba81f57c87a3042ba2134314318ad626fe76e1d4238cdc81a918c0c4c4362cb9be8b6216fee12cd6d3f542001e9c88085179f5fdecbfcdcb1c19e47357d93c2f08318466fb418282dbc3054d8365e172a942db7d0797ffdfe8573b9e5ead3df0dab9fdbf8663fb7f7fd389c1e8eb548b64ac2a30a2d0989e2ab3646b0d8c523da0e35c07024cae8e0e12186a8493d9fca81f49922e175b472d5af09a11196ae04520f22140bbf5d8c5694a8f1a344850edd59fab0f765f3dd630b268fb9af31c54ce6e10f93c96fc02304000000000000000000000000000000000000000000000000000000000000000000000000000000000000000000000000000000000000000000000000000000000000000000000000000000000000000000000000000000000000000000000000000000000000000000000000000000000000000000000000000000000000000000000000000000000000000000000000000000000000000000000000000000000000000000000000000000000000000000000000000000000000000000000000000000000000000000000000000000000000000000000000000000000000000000000000000000000000000000000000000000000000000000000000000000000000000000000000000000000000000000000000000000000000, 10, 1, 31, 0),
('ЕУ', 0x02d91f8b08000000000000005d53cf6b134118fd36bf9a4d7f605bc543413c2a942082c7d2fcaca9a6362469451064b23b49a6d99d596766d3162f2a0852500fdebd087a103c79f360b1d7fe1bea45d18b2008ea379b6cab0e84303b6fbeef7defbdc9015860177bb42e9c017571936a139fe2ff748da8260da47043070f6cc815b596ac136aaa720090ce40aa44142d5cb90b66652175cddc9ced514e2573f23ed9a951e2e93e8c91305e317221460e3836ef1067d0a48a294db843e33bcb878787fb7fdd3975545d0ca94fb96e0514d9c55c2efcdb613e467785e789ed26e1bde3ca1fbbd18ab1737d2115cd6f857ed0d292f21e12b7606a950f430f8b908e472109330d2135f1ca4278aed8e6a6591a4e143b4ac84033c18bbe08b9369f51c992446a69985a219e578907c39584cc2aafe30023dc4c9568c67b35b28b10670009b02b94e87e9b212d48c1f475213d776363b5b226943ef3ebeda3c6f7faa40d9315298272df5455694364e9f5c93bffff2c986f506964a5886bd2db2133ac9230db0a584fe8bc66ce40d5d9d0a8f8f2591ad2c6b49552dbd04c62300c471b326bc28c9789d88fd7bb3773e9f74f6e9e8ff7164cd429517dac9402dbf0355bfde9e2839f67bfdee8262033cec3a52cd88e47940a704a38c7a9cefb8c534792aecea3a74cefe6033c4652f96ab4ad196f9230570a0703a6f361e0124deb74483dec9b48205126ad450bb2ebfcb244075c2b8922a27e5c21ebd108d9a6d0c40c61b44a946e0dbf8dbc98d82492919169486c7d1bdd36e4cd59aabd1b440aa4201b1bb07c70efe1fdbd56d306bb8a6a062685d18318472f570e95167e142a6c9b6c0815c95670b616ad177bfb85f5d18329d02f4faf7e58f89c84d3e3b1d6c84e45f854a125115104b918c1721f3f5137d200c3915a41077fffc610b5a91f5039927eba4c7803addc08ea426884656ba1d4a30825a2b78bd18a13357394a8c8a1e7af0e7e2c557b8f2d983de6bec9143399873f19af9744230400000000000000000000000000000000000000000000000000000000000000000000000000000000000000000000000000000000000000000000000000000000000000000000000000000000000000000000000000000000000000000000000000000000000000000000000000000000000000000000000000000000000000000000000000000000000000000000000000000000000000000000000000000000000000000000000000000000000000000000000000000000000000000000000000000000000000000000000000000000000000000000000000000000000000000000000000000000000000000000000000000000000000000000000000000000000000000000000000000000000000000000000000000000000000000000000000000000000000, 123, 123, 32, 0),
('100', 0x02da1f8b08000000000000005d534d6b534114bdf96c5e6c8bfd1005170a6e2a48288a0b17d27c354d4bdac624ad086e26ef4d9231efcd3c67e6252d2eb482206efc1576d1852bf78a5210ec2f70e54a97aea548bdf392d7aa0321cccc997bcf3de7bc2c400cac4297d684dda70e6e922de251fc9faa12d5a0be144e60e38505d982d692b5034d5516005269481689a2f9b567605606921be6e54c97722a999df3c84e951257f7608c84f18a909723649f63f336b1fb0daa98d284db347ab3747474f4e1af37174eab8b01f528d74d9f22bb88cbe2bf1de6227447b8ae183608ef9e55fede0957849ded09a968ee51e0f94d2d29ef22f1184caef241e06211d276292460ba2ea4266e4908d711436e9aa5e07ca1ad84f43513bce089806b738c4a1625524bc16485b86e391a0c5702d2abbc86038c70d3cb4433dead925d84d87d888355a644f75a0c694112a6ee0be93a5b5babe575a1f4c2dab52bfb56e5c082736529fc52cf54552943e4eedbf927ffff623057a7d2c84a11d7a08f0366582560a6e9b3aed039cdecbeaab1011e4e2c1ea720654cab145b8666028361385a905e1766bc74c87ebcdebf9b4d7d7cfdf07ab48fc1448d12d5c34a49b00c5fb3d53f6ebe38befaf341270ee9711e6e67c0b25da2948f53c202a73ae7314e6d493a3a879e32bd9bf3f11a49e596c36dd5789380d962d0ef339d0b7c87685aa303ea62df781c893219bb1183cc265f91e880134ba088a81f57c87a3442a62134314318ade287995b07232f26b6896464641a12db1ca2db86bcb94bb676fd508124642203963eedbd7cfeaad9b0c05a46357d93c2f08318472f5b0a94165e182a6c9ba80b15ca965ff975b831bff42d7f2f1f22f3f2e9a53b69fa3b0117c763ad939db2f0a8424b42a208723082a51e1e5127d400c391aca083272718a216f57c2a47d24f9508afa3955b7e4d088db04c35907a14a178f8ed62b4a2444d9f262a74686fe3cbfed7e1e737319839e3becd143399873f06aa703f2304000000000000000000000000000000000000000000000000000000000000000000000000000000000000000000000000000000000000000000000000000000000000000000000000000000000000000000000000000000000000000000000000000000000000000000000000000000000000000000000000000000000000000000000000000000000000000000000000000000000000000000000000000000000000000000000000000000000000000000000000000000000000000000000000000000000000000000000000000000000000000000000000000000000000000000000000000000000000000000000000000000000000000000000000000000000000000000000000000000000000000000000000000000000000000000000000000000000000, 10, 10, 33, 0),
('123', 0x02db1f8b08000000000000005d533d6f1341147ce7aff84c129104948282029082840c14413451fc15e3444e62d94ea04042ebbb8dbdf86ef7b2bb6727a20189022a7e054142828a1e041448a4a5e107204445454311de9e7d09b09265edeeec7bf366e6720016d8c52ead0ba74f5ddca4dac4a7f83f5523aa490329dcd0c10b1b7245ad25eb849aaa1c00a433902a11450b6b0fc1ac2ca436cccb992ee5543227ef93bd1a259eeec11809e31523cfc5c83ec7e61de2f49b5431a5097768fc66f9f0f0f0dd5f6fce1e571703ea53ae5b01457631976bff76988bd13bc2f3c4b04978f7a4f2b79d68c5d8d99e908ae6ef877ed0d292f22e12b76072950f420f8b908e472109d30d2135f1ca4278ae1872d32c0da78b1d2564a099e0455f845c9b6354b224915a1a26abc4f32af160b8929059e5751c60849b5e219af16e8dec23c4e94302ec0a25bad766480b5230755b48cfddda5aadac0ba517d62e9c3fb0ab2f6d3855912228f74c55953644965e9f79f0ffcf82b9069546568ab826dd0d996195849956c0ba42e73573faaace0678e8f6aea6216d4cab96da866612836138da90591766bc4cc47ebcdebe994dbf7f76f772bcb760a24e89ea61a514d886afd9ea5faf9ede5cbe9e7e9280cc380f8b59b01d8f2815e094b0c0a9cefb8c5347921d9d474f99decf07788da4f22bd1b666bc49c26c29ecf799ce87814b34add301f5b06f22814499b4ae5890dde4b7243ae05a491411f5e30a598f46c83685266608a355e2e3a51b2f465e4c6c13c9c8c83424b63944b70d7973976aef07910229c8c6062cf63edcb1bbeabb0df60aaa199814461fc4387ab972a8b4f0a35061db6443a848b642ebf1c51f4bdb56a13192abb07b6fe3f7fc979f49981f8fb54ef62ac2a70a2d898822c8c508967b7844dd48030c47aa8a0e1e1d6188dad40fa81c493f5526bc81566e05752134c2b2b550ea518412d1b78bd18a13357d9ca8c8a1471b9f0fbe0e3f3db760e684fb3653cc641efe009bcdba4d23040000000000000000000000000000000000000000000000000000000000000000000000000000000000000000000000000000000000000000000000000000000000000000000000000000000000000000000000000000000000000000000000000000000000000000000000000000000000000000000000000000000000000000000000000000000000000000000000000000000000000000000000000000000000000000000000000000000000000000000000000000000000000000000000000000000000000000000000000000000000000000000000000000000000000000000000000000000000000000000000000000000000000000000000000000000000000000000000000000000000000000000000000000000000000000000000000000000000, 10, 100, 34, 0);

-- --------------------------------------------------------

--
-- Структура таблицы `md_items`
--

CREATE TABLE `md_items` (
  `name` text CHARACTER SET utf8mb4 COLLATE utf8mb4_unicode_ci NOT NULL,
  `cost` int(11) NOT NULL,
  `lim` int(11) NOT NULL,
  `stack_data` blob NOT NULL,
  `id` int(11) NOT NULL,
  `rating` int(11) NOT NULL DEFAULT '0'
) ENGINE=InnoDB DEFAULT CHARSET=utf8;

--
-- Дамп данных таблицы `md_items`
--

INSERT INTO `md_items` (`name`, `cost`, `lim`, `stack_data`, `id`, `rating`) VALUES
('', 10, 99148, 0x00331f8b0800000000000000e36260606260ca4c61ac67646075ce2fcd2b616462607349cc4d4c4f6570640000a9e1d8731f0000000000000000000000000000000000000000000000000000000000000000000000000000000000000000000000000000000000000000000000000000000000000000000000000000000000000000000000000000000000000000000000000000000000000000000000000000000000000000000000000000000000000000000000000000000000000000000000000000000000000000000000000000000000000000000000000000000000000000000000000000000000000000000000000000000000000000000000000000, 28, 0),
('', 13, 5273, 0x00511f8b0800000000000000e36260606260ca4c611460646075ce2fcd2b61e462602e494ce762604fc92c2ec849ace46060f14bcc4d65602d492d2e3102a9677349cc4d4c4f65606000001a1ce9973f0000000000000000000000000000000000000000000000000000000000000000000000000000000000000000000000000000000000000000000000000000000000000000000000000000000000000000000000000000000000000000000000000000000000000000000000000000000000000000000000000000000000000000000000000000000000000000000000000000000000000000000000000000000000000000000000000000000000000000, 29, 0),
('', 101, 88884, 0x00331f8b0800000000000000e36260606260ca4c61e061646075ce2fcd2b616462607349cc4d4c4f65606000003c2397d31f0000000000000000000000000000000000000000000000000000000000000000000000000000000000000000000000000000000000000000000000000000000000000000000000000000000000000000000000000000000000000000000000000000000000000000000000000000000000000000000000000000000000000000000000000000000000000000000000000000000000000000000000000000000000000000000000000000000000000000000000000000000000000000000000000000000000000000000000000000, 31, 0),
('', 100, 99980, 0x00331f8b0800000000000000e36260606260ca4c61e061646075ce2fcd2b616462607349cc4d4c4f65606000003c2397d31f0000000000000000000000000000000000000000000000000000000000000000000000000000000000000000000000000000000000000000000000000000000000000000000000000000000000000000000000000000000000000000000000000000000000000000000000000000000000000000000000000000000000000000000000000000000000000000000000000000000000000000000000000000000000000000000000000000000000000000000000000000000000000000000000000000000000000000000000000000, 33, 0),
('', 100, 678, 0x00331f8b0800000000000000e36260606260ca4c61e061646075ce2fcd2b616262607349cc4d4c4f6560600000f24f5d6e1f0000000000000000000000000000000000000000000000000000000000000000000000000000000000000000000000000000000000000000000000000000000000000000000000000000000000000000000000000000000000000000000000000000000000000000000000000000000000000000000000000000000000000000000000000000000000000000000000000000000000000000000000000000000000000000000000000000000000000000000000000000000000000000000000000000000000000000000000000000, 279, 0),
('', 1, -1, 0x00651f8b0800000000000000158c490e802014c51e93032bcee21574ed1d7e842009a00968e2ed8555376d35c0c183658641add7932bd31095fc0ce9f2716a008c43c437763613061aa30de58ef44d903b2507555da94b7f0d1b25f2ae653fea48989f5b000000000000000000000000000000000000000000000000000000000000000000000000000000000000000000000000000000000000000000000000000000000000000000000000000000000000000000000000000000000000000000000000000000000000000000000000000000000000000000000000000000000000000000000000000000000000000000000000000000000000000000000000, 280, 0),
('', 1, -1, 0x00651f8b0800000000000000158c490e802014c51e93032bcee21574ed1d7e842009a00968e2ed8555376d35c0c183658641add7932bd31095fc0ce9f2716a008c43c437763613061aa30de58ef44d903b2507555da94b7f0d1b25f2ae653fea48989f5b000000000000000000000000000000000000000000000000000000000000000000000000000000000000000000000000000000000000000000000000000000000000000000000000000000000000000000000000000000000000000000000000000000000000000000000000000000000000000000000000000000000000000000000000000000000000000000000000000000000000000000000000, 281, 0),
('', 1, -1, 0x00661f8b0800000000000000158c4b0a802018063f5f3d5c4547e90ab5ee0e3f2926a8055ad0edd3d56c6646031cdc1b3631a8f57a52611aa2901b216d3a4e0d807188f086c66a6286466f7cbe037d03e44ed142159bcbd25edd46919cadd90f256a601a5b0000000000000000000000000000000000000000000000000000000000000000000000000000000000000000000000000000000000000000000000000000000000000000000000000000000000000000000000000000000000000000000000000000000000000000000000000000000000000000000000000000000000000000000000000000000000000000000000000000000000000000000000, 282, 0),
('', 1, -1, 0x00701f8b0800000000000000e36260606260ca4c611460646075ce2fcd2b61e462602e494ce7646049cd4bcee062606060666260ce29cb616004ab64106440e52ba1f18519b818d853328b0b72122b391858fc12735319584b528b4b8c4076b1b924e626a6a7028d05003cc79d817b00000000000000000000000000000000000000000000000000000000000000000000000000000000000000000000000000000000000000000000000000000000000000000000000000000000000000000000000000000000000000000000000000000000000000000000000000000000000000000000000000000000000000000000000000000000000000000000000000, 283, 0);

-- --------------------------------------------------------

--
-- Структура таблицы `md_logs`
--

CREATE TABLE `md_logs` (
  `date` date NOT NULL,
  `playerName` text CHARACTER SET utf8mb4 COLLATE utf8mb4_unicode_ci NOT NULL,
  `message` text CHARACTER SET utf8mb4 COLLATE utf8mb4_unicode_ci NOT NULL,
  `amount` int(11) NOT NULL,
  `money` int(11) NOT NULL,
  `moneyType` text CHARACTER SET utf8mb4 COLLATE utf8mb4_unicode_ci NOT NULL,
  `id` int(11) NOT NULL,
  `shopId` int(11) NOT NULL,
  `catId` int(11) NOT NULL,
  `merchId` int(11) NOT NULL
) ENGINE=InnoDB DEFAULT CHARSET=utf8;

-- --------------------------------------------------------

--
-- Структура таблицы `md_perms`
--

CREATE TABLE `md_perms` (
  `id` int(11) NOT NULL,
  `groupName` text CHARACTER SET utf8mb4 COLLATE utf8mb4_unicode_ci NOT NULL,
  `permission` text CHARACTER SET utf8mb4 COLLATE utf8mb4_unicode_ci NOT NULL
) ENGINE=InnoDB DEFAULT CHARSET=latin1;

--
-- Дамп данных таблицы `md_perms`
--

INSERT INTO `md_perms` (`id`, `groupName`, `permission`) VALUES
(1, 'default', 'createShop'),
(2, 'default', 'editOwnedShop'),
(3, 'default', 'renameOwnedShop'),
(4, 'moder', 'freezeOtherShop'),
(5, 'admin', '*'),
(6, 'default', 'removeOwnedShop'),
(7, 'default', '*');

-- --------------------------------------------------------

--
-- Структура таблицы `md_privelegies`
--

CREATE TABLE `md_privelegies` (
  `name` text CHARACTER SET utf8mb4 COLLATE utf8mb4_unicode_ci NOT NULL,
  `title` text CHARACTER SET utf8mb4 COLLATE utf8mb4_unicode_ci NOT NULL,
  `description` text CHARACTER SET utf8mb4 COLLATE utf8mb4_unicode_ci NOT NULL,
  `pic_url` text CHARACTER SET utf8mb4 COLLATE utf8mb4_unicode_ci NOT NULL,
  `cost` int(11) NOT NULL,
  `time` bigint(20) NOT NULL,
  `id` int(11) NOT NULL,
  `worlds` text CHARACTER SET utf8mb4 COLLATE utf8mb4_unicode_ci NOT NULL
) ENGINE=InnoDB DEFAULT CHARSET=utf8;

--
-- Дамп данных таблицы `md_privelegies`
--

INSERT INTO `md_privelegies` (`name`, `title`, `description`, `pic_url`, `cost`, `time`, `id`, `worlds`) VALUES
('prem', 'Premium', 'asdasdasddfsdaf\r\nsadg\r\nfag\r\n\r\nafg\r\nf\r\ndgdhgfhf\r\ngh\r\nfdj\r\nfd\r\nhj\r\n', 'http://www.mkyong.com/image/mypic.jpg', 1278654, 10, 4, '*');

-- --------------------------------------------------------

--
-- Структура таблицы `md_regions`
--

CREATE TABLE `md_regions` (
  `name` text CHARACTER SET utf8mb4 COLLATE utf8mb4_unicode_ci NOT NULL,
  `world` text CHARACTER SET utf8mb4 COLLATE utf8mb4_unicode_ci NOT NULL,
  `cost` int(11) NOT NULL,
  `id` int(11) NOT NULL
) ENGINE=InnoDB DEFAULT CHARSET=utf8;

--
-- Дамп данных таблицы `md_regions`
--

INSERT INTO `md_regions` (`name`, `world`, `cost`, `id`) VALUES
('4535', 'world', 1234, 6);

-- --------------------------------------------------------

--
-- Структура таблицы `md_shops`
--

CREATE TABLE `md_shops` (
  `id` int(11) NOT NULL,
  `UUID` text CHARACTER SET ascii COLLATE ascii_bin NOT NULL,
  `name` text CHARACTER SET utf8mb4 COLLATE utf8mb4_unicode_ci NOT NULL,
  `lastUpdate` int(11) NOT NULL,
  `isFreezed` tinyint(1) NOT NULL,
  `freezer` text CHARACTER SET utf8mb4 COLLATE utf8mb4_unicode_ci NOT NULL,
  `freezReason` text CHARACTER SET utf8mb4 COLLATE utf8mb4_unicode_ci NOT NULL,
  `moneyType` text CHARACTER SET utf8mb4 COLLATE utf8mb4_unicode_ci NOT NULL,
  `rating` int(11) NOT NULL DEFAULT '0',
  `ownerName` text CHARACTER SET utf8mb4 COLLATE utf8mb4_unicode_ci NOT NULL
) ENGINE=InnoDB DEFAULT CHARSET=latin1;

--
-- Дамп данных таблицы `md_shops`
--

INSERT INTO `md_shops` (`id`, `UUID`, `name`, `lastUpdate`, `isFreezed`, `freezer`, `freezReason`, `moneyType`, `rating`, `ownerName`) VALUES
(22, '84e9e4f6-df8d-3fc9-b2c7-0eb3b9531d39', '111', 0, 0, '', '', 'coin', 0, 'Player818'),
(23, 'a288cb29-a681-33d0-bc05-44996f7b6ce1', '101101', 0, 0, '', '', 'coin', 0, 'Player705'),
(24, 'a288cb29-a681-33d0-bc05-44996f7b6ce1', '1111', 0, 0, 'Player187', '', 'coin', 0, 'Player705'),
(25, '71f66ac1-c861-3de2-8cda-9d0f80277f27', '111', 0, 0, '', '', 'coin', 0, 'Player426');

-- --------------------------------------------------------

--
-- Структура таблицы `md_userItems`
--

CREATE TABLE `md_userItems` (
  `id` int(11) NOT NULL,
  `cost` int(11) NOT NULL,
  `name` text CHARACTER SET utf8mb4 COLLATE utf8mb4_unicode_ci NOT NULL,
  `lim` int(11) NOT NULL,
  `shopId` int(11) NOT NULL,
  `stack_data` blob NOT NULL,
  `rating` int(11) NOT NULL DEFAULT '0'
) ENGINE=InnoDB DEFAULT CHARSET=latin1;

--
-- Дамп данных таблицы `md_userItems`
--

INSERT INTO `md_userItems` (`id`, `cost`, `name`, `lim`, `shopId`, `stack_data`, `rating`) VALUES
(1, 100, '', 9, 2, 0x00331f8b0800000000000000e36260606260ca4c619060646075ce2fcd2b616462607349cc4d4c4f65606000007dfac1261f0000000000000000000000000000000000000000000000000000000000000000000000000000000000000000000000000000000000000000000000000000000000000000000000000000000000000000000000000000000000000000000000000000000000000000000000000000000000000000000000000000000000000000000000000000000000000000000000000000000000000000000000000000000000000000000000000000000000000000000000000000000000000000000000000000000000000000000000000000, 0),
(2, 2, '', 6, 4, 0x00331f8b0800000000000000e36260606260ca4c61e061646075ce2fcd2b616462607349cc4d4c4f65606000003c2397d31f0000000000000000000000000000000000000000000000000000000000000000000000000000000000000000000000000000000000000000000000000000000000000000000000000000000000000000000000000000000000000000000000000000000000000000000000000000000000000000000000000000000000000000000000000000000000000000000000000000000000000000000000000000000000000000000000000000000000000000000000000000000000000000000000000000000000000000000000000000, 0),
(4, 100, '1111010', 1, 12, 0x00331f8b0800000000000000e36260606260ca4c61e061646075ce2fcd2b616462607349cc4d4c4f65606000003c2397d31f0000000000000000000000000000000000000000000000000000000000000000000000000000000000000000000000000000000000000000000000000000000000000000000000000000000000000000000000000000000000000000000000000000000000000000000000000000000000000000000000000000000000000000000000000000000000000000000000000000000000000000000000000000000000000000000000000000000000000000000000000000000000000000000000000000000000000000000000000000, 0),
(8, 10, '', 5, 22, 0x00511f8b0800000000000000e36260606260ca4c611460646075ce2fcd2b61e462602e494ce762604fc92c2ec849ace46060f14bcc4d65602d492d2e3102a9677349cc4d4c4f65606000001a1ce9973f0000000000000000000000000000000000000000000000000000000000000000000000000000000000000000000000000000000000000000000000000000000000000000000000000000000000000000000000000000000000000000000000000000000000000000000000000000000000000000000000000000000000000000000000000000000000000000000000000000000000000000000000000000000000000000000000000000000000000000, 0),
(9, 10, '', 0, 22, 0x00511f8b0800000000000000e36260606260ca4c611460646075ce2fcd2b61e462602e494ce762604fc92c2ec849ace46060f14bcc4d65602d492d2e3102a9677349cc4d4c4f65606000001a1ce9973f0000000000000000000000000000000000000000000000000000000000000000000000000000000000000000000000000000000000000000000000000000000000000000000000000000000000000000000000000000000000000000000000000000000000000000000000000000000000000000000000000000000000000000000000000000000000000000000000000000000000000000000000000000000000000000000000000000000000000000, 0),
(10, 10, '', 7, 23, 0x00511f8b0800000000000000e36260606260ca4c611460646075ce2fcd2b61e462602e494ce762604fc92c2ec849ace46060f14bcc4d65602d492d2e3102a9677349cc4d4c4f65606000001a1ce9973f0000000000000000000000000000000000000000000000000000000000000000000000000000000000000000000000000000000000000000000000000000000000000000000000000000000000000000000000000000000000000000000000000000000000000000000000000000000000000000000000000000000000000000000000000000000000000000000000000000000000000000000000000000000000000000000000000000000000000000, 0),
(11, 10, '', 9, 24, 0x00511f8b0800000000000000e36260606260ca4c611460646075ce2fcd2b61e462602e494ce762604fc92c2ec849ace46060f14bcc4d65602d492d2e3102a9677349cc4d4c4f65606000001a1ce9973f0000000000000000000000000000000000000000000000000000000000000000000000000000000000000000000000000000000000000000000000000000000000000000000000000000000000000000000000000000000000000000000000000000000000000000000000000000000000000000000000000000000000000000000000000000000000000000000000000000000000000000000000000000000000000000000000000000000000000000, 0),
(13, 10, '', 0, 24, 0x00511f8b0800000000000000e36260606260ca4c611460646075ce2fcd2b61e462602e494ce762604fc92c2ec849ace46060f14bcc4d65602d492d2e3102a9677349cc4d4c4f65606000001a1ce9973f0000000000000000000000000000000000000000000000000000000000000000000000000000000000000000000000000000000000000000000000000000000000000000000000000000000000000000000000000000000000000000000000000000000000000000000000000000000000000000000000000000000000000000000000000000000000000000000000000000000000000000000000000000000000000000000000000000000000000000, 0),
(14, 10, '', -1, 24, 0x00511f8b0800000000000000e36260606260ca4c611460646075ce2fcd2b61e462602e494ce762604fc92c2ec849ace46060f14bcc4d65602d492d2e3102a9677349cc4d4c4f65606000001a1ce9973f0000000000000000000000000000000000000000000000000000000000000000000000000000000000000000000000000000000000000000000000000000000000000000000000000000000000000000000000000000000000000000000000000000000000000000000000000000000000000000000000000000000000000000000000000000000000000000000000000000000000000000000000000000000000000000000000000000000000000000, 0),
(16, 10, '', 9, 22, 0x00511f8b0800000000000000e36260606260ca4c611460646075ce2fcd2b61e462602e494ce762604fc92c2ec849ace46060f14bcc4d65602d492d2e3102a9677349cc4d4c4f65606000001a1ce9973f0000000000000000000000000000000000000000000000000000000000000000000000000000000000000000000000000000000000000000000000000000000000000000000000000000000000000000000000000000000000000000000000000000000000000000000000000000000000000000000000000000000000000000000000000000000000000000000000000000000000000000000000000000000000000000000000000000000000000000, 0),
(17, 10, '', 1, 22, 0x00511f8b0800000000000000e36260606260ca4c611460646075ce2fcd2b61e462602e494ce762604fc92c2ec849ace46060f14bcc4d65602d492d2e3102a9677349cc4d4c4f65606000001a1ce9973f0000000000000000000000000000000000000000000000000000000000000000000000000000000000000000000000000000000000000000000000000000000000000000000000000000000000000000000000000000000000000000000000000000000000000000000000000000000000000000000000000000000000000000000000000000000000000000000000000000000000000000000000000000000000000000000000000000000000000000, 0),
(18, 1, '', 1, 22, 0x004f1f8b0800000000000000e36260606260ca4c611460646075ce2fcd2b61e462602e494ce762604fc92c2ec849ace46060f14bcc4d65602d492d2e3102a9677349cc4d4c4f05b200987edfa53f00000000000000000000000000000000000000000000000000000000000000000000000000000000000000000000000000000000000000000000000000000000000000000000000000000000000000000000000000000000000000000000000000000000000000000000000000000000000000000000000000000000000000000000000000000000000000000000000000000000000000000000000000000000000000000000000000000000000000000000, 0),
(19, 10, '', 0, 24, 0x00511f8b0800000000000000e36260606260ca4c611460646075ce2fcd2b61e462602e494ce762604fc92c2ec849ace46060f14bcc4d65602d492d2e3102a9677349cc4d4c4f65606000001a1ce9973f0000000000000000000000000000000000000000000000000000000000000000000000000000000000000000000000000000000000000000000000000000000000000000000000000000000000000000000000000000000000000000000000000000000000000000000000000000000000000000000000000000000000000000000000000000000000000000000000000000000000000000000000000000000000000000000000000000000000000000, 0),
(20, 10, '', 1, 24, 0x00511f8b0800000000000000e36260606260ca4c611460646075ce2fcd2b61e462602e494ce762604fc92c2ec849ace46060f14bcc4d65602d492d2e3102a9677349cc4d4c4f65606000001a1ce9973f0000000000000000000000000000000000000000000000000000000000000000000000000000000000000000000000000000000000000000000000000000000000000000000000000000000000000000000000000000000000000000000000000000000000000000000000000000000000000000000000000000000000000000000000000000000000000000000000000000000000000000000000000000000000000000000000000000000000000000, 0),
(21, 10, '', 1, 24, 0x00511f8b0800000000000000e36260606260ca4c611460646075ce2fcd2b61e462602e494ce762604fc92c2ec849ace46060f14bcc4d65602d492d2e3102a9677349cc4d4c4f65606000001a1ce9973f0000000000000000000000000000000000000000000000000000000000000000000000000000000000000000000000000000000000000000000000000000000000000000000000000000000000000000000000000000000000000000000000000000000000000000000000000000000000000000000000000000000000000000000000000000000000000000000000000000000000000000000000000000000000000000000000000000000000000000, 0),
(24, 1, '', 99687, 25, 0x00511f8b0800000000000000e36260606260ca4c611460646075ce2fcd2b61e462602e494ce762604fc92c2ec849ace46060f14bcc4d65602d492d2e3102a9677349cc4d4c4f65606000001a1ce9973f0000000000000000000000000000000000000000000000000000000000000000000000000000000000000000000000000000000000000000000000000000000000000000000000000000000000000000000000000000000000000000000000000000000000000000000000000000000000000000000000000000000000000000000000000000000000000000000000000000000000000000000000000000000000000000000000000000000000000000, 0),
(25, 1000, '', -4, 25, 0x00511f8b0800000000000000e36260606260ca4c611460646075ce2fcd2b61e462602e494ce762604fc92c2ec849ace46060f14bcc4d65602d492d2e3102a9677349cc4d4c4f65606000001a1ce9973f0000000000000000000000000000000000000000000000000000000000000000000000000000000000000000000000000000000000000000000000000000000000000000000000000000000000000000000000000000000000000000000000000000000000000000000000000000000000000000000000000000000000000000000000000000000000000000000000000000000000000000000000000000000000000000000000000000000000000000, 0);

--
-- Индексы сохранённых таблиц
--

--
-- Индексы таблицы `md_accounts`
--
ALTER TABLE `md_accounts`
  ADD PRIMARY KEY (`id`);

--
-- Индексы таблицы `md_entities`
--
ALTER TABLE `md_entities`
  ADD PRIMARY KEY (`id`),
  ADD UNIQUE KEY `id` (`id`);

--
-- Индексы таблицы `md_items`
--
ALTER TABLE `md_items`
  ADD PRIMARY KEY (`id`);

--
-- Индексы таблицы `md_logs`
--
ALTER TABLE `md_logs`
  ADD PRIMARY KEY (`id`),
  ADD UNIQUE KEY `id` (`id`);

--
-- Индексы таблицы `md_perms`
--
ALTER TABLE `md_perms`
  ADD PRIMARY KEY (`id`),
  ADD UNIQUE KEY `id` (`id`);

--
-- Индексы таблицы `md_privelegies`
--
ALTER TABLE `md_privelegies`
  ADD PRIMARY KEY (`id`),
  ADD UNIQUE KEY `id` (`id`);

--
-- Индексы таблицы `md_regions`
--
ALTER TABLE `md_regions`
  ADD PRIMARY KEY (`id`),
  ADD UNIQUE KEY `id` (`id`);

--
-- Индексы таблицы `md_shops`
--
ALTER TABLE `md_shops`
  ADD PRIMARY KEY (`id`);

--
-- Индексы таблицы `md_userItems`
--
ALTER TABLE `md_userItems`
  ADD PRIMARY KEY (`id`);

--
-- AUTO_INCREMENT для сохранённых таблиц
--

--
-- AUTO_INCREMENT для таблицы `md_accounts`
--
ALTER TABLE `md_accounts`
  MODIFY `id` int(11) NOT NULL AUTO_INCREMENT, AUTO_INCREMENT=675;
--
-- AUTO_INCREMENT для таблицы `md_entities`
--
ALTER TABLE `md_entities`
  MODIFY `id` int(11) NOT NULL AUTO_INCREMENT, AUTO_INCREMENT=35;
--
-- AUTO_INCREMENT для таблицы `md_items`
--
ALTER TABLE `md_items`
  MODIFY `id` int(11) NOT NULL AUTO_INCREMENT, AUTO_INCREMENT=284;
--
-- AUTO_INCREMENT для таблицы `md_logs`
--
ALTER TABLE `md_logs`
  MODIFY `id` int(11) NOT NULL AUTO_INCREMENT;
--
-- AUTO_INCREMENT для таблицы `md_perms`
--
ALTER TABLE `md_perms`
  MODIFY `id` int(11) NOT NULL AUTO_INCREMENT, AUTO_INCREMENT=8;
--
-- AUTO_INCREMENT для таблицы `md_privelegies`
--
ALTER TABLE `md_privelegies`
  MODIFY `id` int(11) NOT NULL AUTO_INCREMENT, AUTO_INCREMENT=5;
--
-- AUTO_INCREMENT для таблицы `md_regions`
--
ALTER TABLE `md_regions`
  MODIFY `id` int(11) NOT NULL AUTO_INCREMENT, AUTO_INCREMENT=7;
--
-- AUTO_INCREMENT для таблицы `md_shops`
--
ALTER TABLE `md_shops`
  MODIFY `id` int(11) NOT NULL AUTO_INCREMENT, AUTO_INCREMENT=26;
--
-- AUTO_INCREMENT для таблицы `md_userItems`
--
ALTER TABLE `md_userItems`
  MODIFY `id` int(11) NOT NULL AUTO_INCREMENT, AUTO_INCREMENT=27;
/*!40101 SET CHARACTER_SET_CLIENT=@OLD_CHARACTER_SET_CLIENT */;
/*!40101 SET CHARACTER_SET_RESULTS=@OLD_CHARACTER_SET_RESULTS */;
/*!40101 SET COLLATION_CONNECTION=@OLD_COLLATION_CONNECTION */;
